k,rhoCp,conv
0.4179297583180873,3.1291015138893274,0
