k,rhoCp,conv
417.9297583180873,3.1291015138893274,0
